{
    "auc": 0.8830020493138242,
    "spauc": 0.6897433503591908,
    "metric": 0.7999026734389731,
    "f1_real": 0.7272727272727273,
    "f1_fake": 0.8725326196052191,
    "recall": 0.7921258699346491,
    "recall_real": 0.6874154262516915,
    "recall_fake": 0.8968363136176066,
    "precision": 0.8107739374077998,
    "precision_real": 0.7720364741641338,
    "precision_fake": 0.8495114006514658,
    "acc": 0.826265389876881
}